tecnologia,central,mwh,fecha_iso,hora_consulta,timestamp_local_iso,source_url
Biomasa,Privada Térmico Bagazo,18.27,2026-02-01,01:51:11,2026-02-01T01:51:11-06:00,https://apps.grupoice.com/CenceWeb/CenceBoletinIntraDiario.jsf?init=true
Eólico,BOT Eólico,123.63,2026-02-01,01:51:11,2026-02-01T01:51:11-06:00,https://apps.grupoice.com/CenceWeb/CenceBoletinIntraDiario.jsf?init=true
Eólico,Distribuidoras,75.53,2026-02-01,01:51:11,2026-02-01T01:51:11-06:00,https://apps.grupoice.com/CenceWeb/CenceBoletinIntraDiario.jsf?init=true
Eólico,Privada Eólico,120.41,2026-02-01,01:51:11,2026-02-01T01:51:11-06:00,https://apps.grupoice.com/CenceWeb/CenceBoletinIntraDiario.jsf?init=true
Eólico,Tejona,3.39,2026-02-01,01:51:11,2026-02-01T01:51:11-06:00,https://apps.grupoice.com/CenceWeb/CenceBoletinIntraDiario.jsf?init=true
Hídrico,Angostura,0.0,2026-02-01,01:51:11,2026-02-01T01:51:11-06:00,https://apps.grupoice.com/CenceWeb/CenceBoletinIntraDiario.jsf?init=true
Hídrico,Arenal,79.29,2026-02-01,01:51:11,2026-02-01T01:51:11-06:00,https://apps.grupoice.com/CenceWeb/CenceBoletinIntraDiario.jsf?init=true
Hídrico,BOT Hidro,0.0,2026-02-01,01:51:11,2026-02-01T01:51:11-06:00,https://apps.grupoice.com/CenceWeb/CenceBoletinIntraDiario.jsf?init=true
Hídrico,Cachí,0.0,2026-02-01,01:51:11,2026-02-01T01:51:11-06:00,https://apps.grupoice.com/CenceWeb/CenceBoletinIntraDiario.jsf?init=true
Hídrico,Cariblanco,26.9,2026-02-01,01:51:11,2026-02-01T01:51:11-06:00,https://apps.grupoice.com/CenceWeb/CenceBoletinIntraDiario.jsf?init=true
Hídrico,Dengo,88.89,2026-02-01,01:51:11,2026-02-01T01:51:11-06:00,https://apps.grupoice.com/CenceWeb/CenceBoletinIntraDiario.jsf?init=true
Hídrico,Distribuidoras,95.06,2026-02-01,01:51:11,2026-02-01T01:51:11-06:00,https://apps.grupoice.com/CenceWeb/CenceBoletinIntraDiario.jsf?init=true
Hídrico,Echandi,3.79,2026-02-01,01:51:11,2026-02-01T01:51:11-06:00,https://apps.grupoice.com/CenceWeb/CenceBoletinIntraDiario.jsf?init=true
Hídrico,El General,40.09,2026-02-01,01:51:11,2026-02-01T01:51:11-06:00,https://apps.grupoice.com/CenceWeb/CenceBoletinIntraDiario.jsf?init=true
Hídrico,Garita,18.96,2026-02-01,01:51:11,2026-02-01T01:51:11-06:00,https://apps.grupoice.com/CenceWeb/CenceBoletinIntraDiario.jsf?init=true
Hídrico,La Joya,0.0,2026-02-01,01:51:11,2026-02-01T01:51:11-06:00,https://apps.grupoice.com/CenceWeb/CenceBoletinIntraDiario.jsf?init=true
Hídrico,Peñas Blancas,17.69,2026-02-01,01:51:11,2026-02-01T01:51:11-06:00,https://apps.grupoice.com/CenceWeb/CenceBoletinIntraDiario.jsf?init=true
Hídrico,Pirrís,0.0,2026-02-01,01:51:11,2026-02-01T01:51:11-06:00,https://apps.grupoice.com/CenceWeb/CenceBoletinIntraDiario.jsf?init=true
Hídrico,Privada Hidro,31.1,2026-02-01,01:51:11,2026-02-01T01:51:11-06:00,https://apps.grupoice.com/CenceWeb/CenceBoletinIntraDiario.jsf?init=true
Hídrico,Reventazón,51.85,2026-02-01,01:51:11,2026-02-01T01:51:11-06:00,https://apps.grupoice.com/CenceWeb/CenceBoletinIntraDiario.jsf?init=true
Hídrico,Río Macho,67.52,2026-02-01,01:51:11,2026-02-01T01:51:11-06:00,https://apps.grupoice.com/CenceWeb/CenceBoletinIntraDiario.jsf?init=true
Hídrico,Sandillal,13.5,2026-02-01,01:51:11,2026-02-01T01:51:11-06:00,https://apps.grupoice.com/CenceWeb/CenceBoletinIntraDiario.jsf?init=true
Hídrico,Toro I,12.99,2026-02-01,01:51:11,2026-02-01T01:51:11-06:00,https://apps.grupoice.com/CenceWeb/CenceBoletinIntraDiario.jsf?init=true
Hídrico,Toro II,26.3,2026-02-01,01:51:11,2026-02-01T01:51:11-06:00,https://apps.grupoice.com/CenceWeb/CenceBoletinIntraDiario.jsf?init=true
Hídrico,Toro III,19.92,2026-02-01,01:51:11,2026-02-01T01:51:11-06:00,https://apps.grupoice.com/CenceWeb/CenceBoletinIntraDiario.jsf?init=true
Hídrico,Ventanas-Garita,0.0,2026-02-01,01:51:11,2026-02-01T01:51:11-06:00,https://apps.grupoice.com/CenceWeb/CenceBoletinIntraDiario.jsf?init=true
Intercambio,Intercambio Norte,0.0,2026-02-01,01:51:11,2026-02-01T01:51:11-06:00,https://apps.grupoice.com/CenceWeb/CenceBoletinIntraDiario.jsf?init=true
Intercambio,Intercambio Sur,110.05,2026-02-01,01:51:11,2026-02-01T01:51:11-06:00,https://apps.grupoice.com/CenceWeb/CenceBoletinIntraDiario.jsf?init=true
Solar,Otras Solar,0.0,2026-02-01,01:51:11,2026-02-01T01:51:11-06:00,https://apps.grupoice.com/CenceWeb/CenceBoletinIntraDiario.jsf?init=true
Solar,Parque Solar Miravalles,0.0,2026-02-01,01:51:11,2026-02-01T01:51:11-06:00,https://apps.grupoice.com/CenceWeb/CenceBoletinIntraDiario.jsf?init=true
Térmico,Boca de Pozo,4.46,2026-02-01,01:51:11,2026-02-01T01:51:11-06:00,https://apps.grupoice.com/CenceWeb/CenceBoletinIntraDiario.jsf?init=true
Térmico,Garabito,0.0,2026-02-01,01:51:11,2026-02-01T01:51:11-06:00,https://apps.grupoice.com/CenceWeb/CenceBoletinIntraDiario.jsf?init=true
Térmico,Guápiles,0.0,2026-02-01,01:51:11,2026-02-01T01:51:11-06:00,https://apps.grupoice.com/CenceWeb/CenceBoletinIntraDiario.jsf?init=true
Térmico,Las Pailas II,51.87,2026-02-01,01:51:11,2026-02-01T01:51:11-06:00,https://apps.grupoice.com/CenceWeb/CenceBoletinIntraDiario.jsf?init=true
Térmico,Miravalles I,39.16,2026-02-01,01:51:11,2026-02-01T01:51:11-06:00,https://apps.grupoice.com/CenceWeb/CenceBoletinIntraDiario.jsf?init=true
Térmico,Miravalles II,40.38,2026-02-01,01:51:11,2026-02-01T01:51:11-06:00,https://apps.grupoice.com/CenceWeb/CenceBoletinIntraDiario.jsf?init=true
Térmico,Miravalles III,12.97,2026-02-01,01:51:11,2026-02-01T01:51:11-06:00,https://apps.grupoice.com/CenceWeb/CenceBoletinIntraDiario.jsf?init=true
Térmico,Miravalles V,0.0,2026-02-01,01:51:11,2026-02-01T01:51:11-06:00,https://apps.grupoice.com/CenceWeb/CenceBoletinIntraDiario.jsf?init=true
Térmico,Moín II,0.0,2026-02-01,01:51:11,2026-02-01T01:51:11-06:00,https://apps.grupoice.com/CenceWeb/CenceBoletinIntraDiario.jsf?init=true
Térmico,Moín III,0.0,2026-02-01,01:51:11,2026-02-01T01:51:11-06:00,https://apps.grupoice.com/CenceWeb/CenceBoletinIntraDiario.jsf?init=true
Térmico,Orotina,0.0,2026-02-01,01:51:11,2026-02-01T01:51:11-06:00,https://apps.grupoice.com/CenceWeb/CenceBoletinIntraDiario.jsf?init=true
Térmico,PTA Garabito,0.0,2026-02-01,01:51:11,2026-02-01T01:51:11-06:00,https://apps.grupoice.com/CenceWeb/CenceBoletinIntraDiario.jsf?init=true
Térmico,PTA Moín,0.0,2026-02-01,01:51:11,2026-02-01T01:51:11-06:00,https://apps.grupoice.com/CenceWeb/CenceBoletinIntraDiario.jsf?init=true
Térmico,Pailas,30.15,2026-02-01,01:51:11,2026-02-01T01:51:11-06:00,https://apps.grupoice.com/CenceWeb/CenceBoletinIntraDiario.jsf?init=true
Biomasa,Privada Térmico Bagazo,16.95,2026-02-01,03:02:59,2026-02-01T03:02:59-06:00,https://apps.grupoice.com/CenceWeb/CenceBoletinIntraDiario.jsf?init=true
Eólico,BOT Eólico,123.79,2026-02-01,03:02:59,2026-02-01T03:02:59-06:00,https://apps.grupoice.com/CenceWeb/CenceBoletinIntraDiario.jsf?init=true
Eólico,Distribuidoras,77.39,2026-02-01,03:02:59,2026-02-01T03:02:59-06:00,https://apps.grupoice.com/CenceWeb/CenceBoletinIntraDiario.jsf?init=true
Eólico,Privada Eólico,113.94,2026-02-01,03:02:59,2026-02-01T03:02:59-06:00,https://apps.grupoice.com/CenceWeb/CenceBoletinIntraDiario.jsf?init=true
Eólico,Tejona,3.2,2026-02-01,03:02:59,2026-02-01T03:02:59-06:00,https://apps.grupoice.com/CenceWeb/CenceBoletinIntraDiario.jsf?init=true
Hídrico,Angostura,0.0,2026-02-01,03:02:59,2026-02-01T03:02:59-06:00,https://apps.grupoice.com/CenceWeb/CenceBoletinIntraDiario.jsf?init=true
Hídrico,Arenal,68.49,2026-02-01,03:02:59,2026-02-01T03:02:59-06:00,https://apps.grupoice.com/CenceWeb/CenceBoletinIntraDiario.jsf?init=true
Hídrico,BOT Hidro,0.0,2026-02-01,03:02:59,2026-02-01T03:02:59-06:00,https://apps.grupoice.com/CenceWeb/CenceBoletinIntraDiario.jsf?init=true
Hídrico,Cachí,0.0,2026-02-01,03:02:59,2026-02-01T03:02:59-06:00,https://apps.grupoice.com/CenceWeb/CenceBoletinIntraDiario.jsf?init=true
Hídrico,Cariblanco,26.89,2026-02-01,03:02:59,2026-02-01T03:02:59-06:00,https://apps.grupoice.com/CenceWeb/CenceBoletinIntraDiario.jsf?init=true
Hídrico,Dengo,77.18,2026-02-01,03:02:59,2026-02-01T03:02:59-06:00,https://apps.grupoice.com/CenceWeb/CenceBoletinIntraDiario.jsf?init=true
Hídrico,Distribuidoras,103.52,2026-02-01,03:02:59,2026-02-01T03:02:59-06:00,https://apps.grupoice.com/CenceWeb/CenceBoletinIntraDiario.jsf?init=true
Hídrico,Echandi,3.81,2026-02-01,03:02:59,2026-02-01T03:02:59-06:00,https://apps.grupoice.com/CenceWeb/CenceBoletinIntraDiario.jsf?init=true
Hídrico,El General,38.17,2026-02-01,03:02:59,2026-02-01T03:02:59-06:00,https://apps.grupoice.com/CenceWeb/CenceBoletinIntraDiario.jsf?init=true
Hídrico,Garita,16.45,2026-02-01,03:02:59,2026-02-01T03:02:59-06:00,https://apps.grupoice.com/CenceWeb/CenceBoletinIntraDiario.jsf?init=true
Hídrico,La Joya,0.0,2026-02-01,03:02:59,2026-02-01T03:02:59-06:00,https://apps.grupoice.com/CenceWeb/CenceBoletinIntraDiario.jsf?init=true
Hídrico,Peñas Blancas,17.39,2026-02-01,03:02:59,2026-02-01T03:02:59-06:00,https://apps.grupoice.com/CenceWeb/CenceBoletinIntraDiario.jsf?init=true
Hídrico,Pirrís,0.0,2026-02-01,03:02:59,2026-02-01T03:02:59-06:00,https://apps.grupoice.com/CenceWeb/CenceBoletinIntraDiario.jsf?init=true
Hídrico,Privada Hidro,32.06,2026-02-01,03:02:59,2026-02-01T03:02:59-06:00,https://apps.grupoice.com/CenceWeb/CenceBoletinIntraDiario.jsf?init=true
Hídrico,Reventazón,52.02,2026-02-01,03:02:59,2026-02-01T03:02:59-06:00,https://apps.grupoice.com/CenceWeb/CenceBoletinIntraDiario.jsf?init=true
Hídrico,Río Macho,47.79,2026-02-01,03:02:59,2026-02-01T03:02:59-06:00,https://apps.grupoice.com/CenceWeb/CenceBoletinIntraDiario.jsf?init=true
Hídrico,Sandillal,13.57,2026-02-01,03:02:59,2026-02-01T03:02:59-06:00,https://apps.grupoice.com/CenceWeb/CenceBoletinIntraDiario.jsf?init=true
Hídrico,Toro I,12.98,2026-02-01,03:02:59,2026-02-01T03:02:59-06:00,https://apps.grupoice.com/CenceWeb/CenceBoletinIntraDiario.jsf?init=true
Hídrico,Toro II,23.18,2026-02-01,03:02:59,2026-02-01T03:02:59-06:00,https://apps.grupoice.com/CenceWeb/CenceBoletinIntraDiario.jsf?init=true
Hídrico,Toro III,17.96,2026-02-01,03:02:59,2026-02-01T03:02:59-06:00,https://apps.grupoice.com/CenceWeb/CenceBoletinIntraDiario.jsf?init=true
Hídrico,Ventanas-Garita,0.0,2026-02-01,03:02:59,2026-02-01T03:02:59-06:00,https://apps.grupoice.com/CenceWeb/CenceBoletinIntraDiario.jsf?init=true
Intercambio,Intercambio Norte,0.0,2026-02-01,03:02:59,2026-02-01T03:02:59-06:00,https://apps.grupoice.com/CenceWeb/CenceBoletinIntraDiario.jsf?init=true
Intercambio,Intercambio Sur,133.16,2026-02-01,03:02:59,2026-02-01T03:02:59-06:00,https://apps.grupoice.com/CenceWeb/CenceBoletinIntraDiario.jsf?init=true
Solar,Otras Solar,0.0,2026-02-01,03:02:59,2026-02-01T03:02:59-06:00,https://apps.grupoice.com/CenceWeb/CenceBoletinIntraDiario.jsf?init=true
Solar,Parque Solar Miravalles,0.0,2026-02-01,03:02:59,2026-02-01T03:02:59-06:00,https://apps.grupoice.com/CenceWeb/CenceBoletinIntraDiario.jsf?init=true
Térmico,Boca de Pozo,4.46,2026-02-01,03:02:59,2026-02-01T03:02:59-06:00,https://apps.grupoice.com/CenceWeb/CenceBoletinIntraDiario.jsf?init=true
Térmico,Garabito,0.0,2026-02-01,03:02:59,2026-02-01T03:02:59-06:00,https://apps.grupoice.com/CenceWeb/CenceBoletinIntraDiario.jsf?init=true
Térmico,Guápiles,0.0,2026-02-01,03:02:59,2026-02-01T03:02:59-06:00,https://apps.grupoice.com/CenceWeb/CenceBoletinIntraDiario.jsf?init=true
Térmico,Las Pailas II,52.07,2026-02-01,03:02:59,2026-02-01T03:02:59-06:00,https://apps.grupoice.com/CenceWeb/CenceBoletinIntraDiario.jsf?init=true
Térmico,Miravalles I,39.17,2026-02-01,03:02:59,2026-02-01T03:02:59-06:00,https://apps.grupoice.com/CenceWeb/CenceBoletinIntraDiario.jsf?init=true
Térmico,Miravalles II,40.4,2026-02-01,03:02:59,2026-02-01T03:02:59-06:00,https://apps.grupoice.com/CenceWeb/CenceBoletinIntraDiario.jsf?init=true
Térmico,Miravalles III,12.97,2026-02-01,03:02:59,2026-02-01T03:02:59-06:00,https://apps.grupoice.com/CenceWeb/CenceBoletinIntraDiario.jsf?init=true
Térmico,Miravalles V,0.0,2026-02-01,03:02:59,2026-02-01T03:02:59-06:00,https://apps.grupoice.com/CenceWeb/CenceBoletinIntraDiario.jsf?init=true
Térmico,Moín II,0.0,2026-02-01,03:02:59,2026-02-01T03:02:59-06:00,https://apps.grupoice.com/CenceWeb/CenceBoletinIntraDiario.jsf?init=true
Térmico,Moín III,0.0,2026-02-01,03:02:59,2026-02-01T03:02:59-06:00,https://apps.grupoice.com/CenceWeb/CenceBoletinIntraDiario.jsf?init=true
Térmico,Orotina,0.0,2026-02-01,03:02:59,2026-02-01T03:02:59-06:00,https://apps.grupoice.com/CenceWeb/CenceBoletinIntraDiario.jsf?init=true
Térmico,PTA Garabito,0.0,2026-02-01,03:02:59,2026-02-01T03:02:59-06:00,https://apps.grupoice.com/CenceWeb/CenceBoletinIntraDiario.jsf?init=true
Térmico,PTA Moín,0.0,2026-02-01,03:02:59,2026-02-01T03:02:59-06:00,https://apps.grupoice.com/CenceWeb/CenceBoletinIntraDiario.jsf?init=true
Térmico,Pailas,30.13,2026-02-01,03:02:59,2026-02-01T03:02:59-06:00,https://apps.grupoice.com/CenceWeb/CenceBoletinIntraDiario.jsf?init=true
Biomasa,Privada Térmico Bagazo,15.14,2026-02-01,04:57:08,2026-02-01T04:57:08-06:00,https://apps.grupoice.com/CenceWeb/CenceBoletinIntraDiario.jsf?init=true
Eólico,BOT Eólico,123.91,2026-02-01,04:57:08,2026-02-01T04:57:08-06:00,https://apps.grupoice.com/CenceWeb/CenceBoletinIntraDiario.jsf?init=true
Eólico,Distribuidoras,76.1,2026-02-01,04:57:08,2026-02-01T04:57:08-06:00,https://apps.grupoice.com/CenceWeb/CenceBoletinIntraDiario.jsf?init=true
Eólico,Privada Eólico,121.67,2026-02-01,04:57:08,2026-02-01T04:57:08-06:00,https://apps.grupoice.com/CenceWeb/CenceBoletinIntraDiario.jsf?init=true
Eólico,Tejona,2.98,2026-02-01,04:57:08,2026-02-01T04:57:08-06:00,https://apps.grupoice.com/CenceWeb/CenceBoletinIntraDiario.jsf?init=true
Hídrico,Angostura,0.0,2026-02-01,04:57:08,2026-02-01T04:57:08-06:00,https://apps.grupoice.com/CenceWeb/CenceBoletinIntraDiario.jsf?init=true
Hídrico,Arenal,36.91,2026-02-01,04:57:08,2026-02-01T04:57:08-06:00,https://apps.grupoice.com/CenceWeb/CenceBoletinIntraDiario.jsf?init=true
Hídrico,BOT Hidro,0.0,2026-02-01,04:57:08,2026-02-01T04:57:08-06:00,https://apps.grupoice.com/CenceWeb/CenceBoletinIntraDiario.jsf?init=true
Hídrico,Cachí,0.0,2026-02-01,04:57:08,2026-02-01T04:57:08-06:00,https://apps.grupoice.com/CenceWeb/CenceBoletinIntraDiario.jsf?init=true
Hídrico,Cariblanco,26.97,2026-02-01,04:57:08,2026-02-01T04:57:08-06:00,https://apps.grupoice.com/CenceWeb/CenceBoletinIntraDiario.jsf?init=true
Hídrico,Dengo,41.96,2026-02-01,04:57:08,2026-02-01T04:57:08-06:00,https://apps.grupoice.com/CenceWeb/CenceBoletinIntraDiario.jsf?init=true
Hídrico,Distribuidoras,110.44,2026-02-01,04:57:08,2026-02-01T04:57:08-06:00,https://apps.grupoice.com/CenceWeb/CenceBoletinIntraDiario.jsf?init=true
Hídrico,Echandi,2.13,2026-02-01,04:57:08,2026-02-01T04:57:08-06:00,https://apps.grupoice.com/CenceWeb/CenceBoletinIntraDiario.jsf?init=true
Hídrico,El General,34.51,2026-02-01,04:57:08,2026-02-01T04:57:08-06:00,https://apps.grupoice.com/CenceWeb/CenceBoletinIntraDiario.jsf?init=true
Hídrico,Garita,8.91,2026-02-01,04:57:08,2026-02-01T04:57:08-06:00,https://apps.grupoice.com/CenceWeb/CenceBoletinIntraDiario.jsf?init=true
Hídrico,La Joya,0.0,2026-02-01,04:57:08,2026-02-01T04:57:08-06:00,https://apps.grupoice.com/CenceWeb/CenceBoletinIntraDiario.jsf?init=true
Hídrico,Peñas Blancas,13.59,2026-02-01,04:57:08,2026-02-01T04:57:08-06:00,https://apps.grupoice.com/CenceWeb/CenceBoletinIntraDiario.jsf?init=true
Hídrico,Pirrís,0.0,2026-02-01,04:57:08,2026-02-01T04:57:08-06:00,https://apps.grupoice.com/CenceWeb/CenceBoletinIntraDiario.jsf?init=true
Hídrico,Privada Hidro,38.9,2026-02-01,04:57:08,2026-02-01T04:57:08-06:00,https://apps.grupoice.com/CenceWeb/CenceBoletinIntraDiario.jsf?init=true
Hídrico,Reventazón,51.91,2026-02-01,04:57:08,2026-02-01T04:57:08-06:00,https://apps.grupoice.com/CenceWeb/CenceBoletinIntraDiario.jsf?init=true
Hídrico,Río Macho,48.49,2026-02-01,04:57:08,2026-02-01T04:57:08-06:00,https://apps.grupoice.com/CenceWeb/CenceBoletinIntraDiario.jsf?init=true
Hídrico,Sandillal,13.5,2026-02-01,04:57:08,2026-02-01T04:57:08-06:00,https://apps.grupoice.com/CenceWeb/CenceBoletinIntraDiario.jsf?init=true
Hídrico,Toro I,12.66,2026-02-01,04:57:08,2026-02-01T04:57:08-06:00,https://apps.grupoice.com/CenceWeb/CenceBoletinIntraDiario.jsf?init=true
Hídrico,Toro II,23.05,2026-02-01,04:57:08,2026-02-01T04:57:08-06:00,https://apps.grupoice.com/CenceWeb/CenceBoletinIntraDiario.jsf?init=true
Hídrico,Toro III,19.13,2026-02-01,04:57:08,2026-02-01T04:57:08-06:00,https://apps.grupoice.com/CenceWeb/CenceBoletinIntraDiario.jsf?init=true
Hídrico,Ventanas-Garita,0.0,2026-02-01,04:57:08,2026-02-01T04:57:08-06:00,https://apps.grupoice.com/CenceWeb/CenceBoletinIntraDiario.jsf?init=true
Intercambio,Intercambio Norte,0.0,2026-02-01,04:57:08,2026-02-01T04:57:08-06:00,https://apps.grupoice.com/CenceWeb/CenceBoletinIntraDiario.jsf?init=true
Intercambio,Intercambio Sur,133.79,2026-02-01,04:57:08,2026-02-01T04:57:08-06:00,https://apps.grupoice.com/CenceWeb/CenceBoletinIntraDiario.jsf?init=true
Solar,Otras Solar,0.0,2026-02-01,04:57:08,2026-02-01T04:57:08-06:00,https://apps.grupoice.com/CenceWeb/CenceBoletinIntraDiario.jsf?init=true
Solar,Parque Solar Miravalles,0.0,2026-02-01,04:57:08,2026-02-01T04:57:08-06:00,https://apps.grupoice.com/CenceWeb/CenceBoletinIntraDiario.jsf?init=true
Térmico,Boca de Pozo,4.46,2026-02-01,04:57:08,2026-02-01T04:57:08-06:00,https://apps.grupoice.com/CenceWeb/CenceBoletinIntraDiario.jsf?init=true
Térmico,Garabito,0.0,2026-02-01,04:57:08,2026-02-01T04:57:08-06:00,https://apps.grupoice.com/CenceWeb/CenceBoletinIntraDiario.jsf?init=true
Térmico,Guápiles,0.0,2026-02-01,04:57:08,2026-02-01T04:57:08-06:00,https://apps.grupoice.com/CenceWeb/CenceBoletinIntraDiario.jsf?init=true
Térmico,Las Pailas II,51.93,2026-02-01,04:57:08,2026-02-01T04:57:08-06:00,https://apps.grupoice.com/CenceWeb/CenceBoletinIntraDiario.jsf?init=true
Térmico,Miravalles I,39.37,2026-02-01,04:57:08,2026-02-01T04:57:08-06:00,https://apps.grupoice.com/CenceWeb/CenceBoletinIntraDiario.jsf?init=true
Térmico,Miravalles II,40.64,2026-02-01,04:57:08,2026-02-01T04:57:08-06:00,https://apps.grupoice.com/CenceWeb/CenceBoletinIntraDiario.jsf?init=true
Térmico,Miravalles III,12.96,2026-02-01,04:57:08,2026-02-01T04:57:08-06:00,https://apps.grupoice.com/CenceWeb/CenceBoletinIntraDiario.jsf?init=true
Térmico,Miravalles V,0.0,2026-02-01,04:57:08,2026-02-01T04:57:08-06:00,https://apps.grupoice.com/CenceWeb/CenceBoletinIntraDiario.jsf?init=true
Térmico,Moín II,0.0,2026-02-01,04:57:08,2026-02-01T04:57:08-06:00,https://apps.grupoice.com/CenceWeb/CenceBoletinIntraDiario.jsf?init=true
Térmico,Moín III,0.0,2026-02-01,04:57:08,2026-02-01T04:57:08-06:00,https://apps.grupoice.com/CenceWeb/CenceBoletinIntraDiario.jsf?init=true
Térmico,Orotina,0.0,2026-02-01,04:57:08,2026-02-01T04:57:08-06:00,https://apps.grupoice.com/CenceWeb/CenceBoletinIntraDiario.jsf?init=true
Térmico,PTA Garabito,0.0,2026-02-01,04:57:08,2026-02-01T04:57:08-06:00,https://apps.grupoice.com/CenceWeb/CenceBoletinIntraDiario.jsf?init=true
Térmico,PTA Moín,0.0,2026-02-01,04:57:08,2026-02-01T04:57:08-06:00,https://apps.grupoice.com/CenceWeb/CenceBoletinIntraDiario.jsf?init=true
Térmico,Pailas,30.09,2026-02-01,04:57:08,2026-02-01T04:57:08-06:00,https://apps.grupoice.com/CenceWeb/CenceBoletinIntraDiario.jsf?init=true
Biomasa,Privada Térmico Bagazo,15.33,2026-02-01,07:55:39,2026-02-01T07:55:39-06:00,https://apps.grupoice.com/CenceWeb/CenceBoletinIntraDiario.jsf?init=true
Eólico,BOT Eólico,125.46,2026-02-01,07:55:39,2026-02-01T07:55:39-06:00,https://apps.grupoice.com/CenceWeb/CenceBoletinIntraDiario.jsf?init=true
Eólico,Distribuidoras,75.88,2026-02-01,07:55:39,2026-02-01T07:55:39-06:00,https://apps.grupoice.com/CenceWeb/CenceBoletinIntraDiario.jsf?init=true
Eólico,Privada Eólico,102.89,2026-02-01,07:55:39,2026-02-01T07:55:39-06:00,https://apps.grupoice.com/CenceWeb/CenceBoletinIntraDiario.jsf?init=true
Eólico,Tejona,1.87,2026-02-01,07:55:39,2026-02-01T07:55:39-06:00,https://apps.grupoice.com/CenceWeb/CenceBoletinIntraDiario.jsf?init=true
Hídrico,Angostura,0.0,2026-02-01,07:55:39,2026-02-01T07:55:39-06:00,https://apps.grupoice.com/CenceWeb/CenceBoletinIntraDiario.jsf?init=true
Hídrico,Arenal,38.78,2026-02-01,07:55:39,2026-02-01T07:55:39-06:00,https://apps.grupoice.com/CenceWeb/CenceBoletinIntraDiario.jsf?init=true
Hídrico,BOT Hidro,0.0,2026-02-01,07:55:39,2026-02-01T07:55:39-06:00,https://apps.grupoice.com/CenceWeb/CenceBoletinIntraDiario.jsf?init=true
Hídrico,Cachí,0.0,2026-02-01,07:55:39,2026-02-01T07:55:39-06:00,https://apps.grupoice.com/CenceWeb/CenceBoletinIntraDiario.jsf?init=true
Hídrico,Cariblanco,35.71,2026-02-01,07:55:39,2026-02-01T07:55:39-06:00,https://apps.grupoice.com/CenceWeb/CenceBoletinIntraDiario.jsf?init=true
Hídrico,Dengo,43.98,2026-02-01,07:55:39,2026-02-01T07:55:39-06:00,https://apps.grupoice.com/CenceWeb/CenceBoletinIntraDiario.jsf?init=true
Hídrico,Distribuidoras,165.29,2026-02-01,07:55:39,2026-02-01T07:55:39-06:00,https://apps.grupoice.com/CenceWeb/CenceBoletinIntraDiario.jsf?init=true
Hídrico,Echandi,3.81,2026-02-01,07:55:39,2026-02-01T07:55:39-06:00,https://apps.grupoice.com/CenceWeb/CenceBoletinIntraDiario.jsf?init=true
Hídrico,El General,26.68,2026-02-01,07:55:39,2026-02-01T07:55:39-06:00,https://apps.grupoice.com/CenceWeb/CenceBoletinIntraDiario.jsf?init=true
Hídrico,Garita,12.19,2026-02-01,07:55:39,2026-02-01T07:55:39-06:00,https://apps.grupoice.com/CenceWeb/CenceBoletinIntraDiario.jsf?init=true
Hídrico,La Joya,0.0,2026-02-01,07:55:39,2026-02-01T07:55:39-06:00,https://apps.grupoice.com/CenceWeb/CenceBoletinIntraDiario.jsf?init=true
Hídrico,Peñas Blancas,16.82,2026-02-01,07:55:39,2026-02-01T07:55:39-06:00,https://apps.grupoice.com/CenceWeb/CenceBoletinIntraDiario.jsf?init=true
Hídrico,Pirrís,0.0,2026-02-01,07:55:39,2026-02-01T07:55:39-06:00,https://apps.grupoice.com/CenceWeb/CenceBoletinIntraDiario.jsf?init=true
Hídrico,Privada Hidro,39.45,2026-02-01,07:55:39,2026-02-01T07:55:39-06:00,https://apps.grupoice.com/CenceWeb/CenceBoletinIntraDiario.jsf?init=true
Hídrico,Reventazón,52.03,2026-02-01,07:55:39,2026-02-01T07:55:39-06:00,https://apps.grupoice.com/CenceWeb/CenceBoletinIntraDiario.jsf?init=true
Hídrico,Río Macho,61.37,2026-02-01,07:55:39,2026-02-01T07:55:39-06:00,https://apps.grupoice.com/CenceWeb/CenceBoletinIntraDiario.jsf?init=true
Hídrico,Sandillal,13.57,2026-02-01,07:55:39,2026-02-01T07:55:39-06:00,https://apps.grupoice.com/CenceWeb/CenceBoletinIntraDiario.jsf?init=true
Hídrico,Toro I,9.35,2026-02-01,07:55:39,2026-02-01T07:55:39-06:00,https://apps.grupoice.com/CenceWeb/CenceBoletinIntraDiario.jsf?init=true
Hídrico,Toro II,25.07,2026-02-01,07:55:39,2026-02-01T07:55:39-06:00,https://apps.grupoice.com/CenceWeb/CenceBoletinIntraDiario.jsf?init=true
Hídrico,Toro III,19.74,2026-02-01,07:55:39,2026-02-01T07:55:39-06:00,https://apps.grupoice.com/CenceWeb/CenceBoletinIntraDiario.jsf?init=true
Hídrico,Ventanas-Garita,0.0,2026-02-01,07:55:39,2026-02-01T07:55:39-06:00,https://apps.grupoice.com/CenceWeb/CenceBoletinIntraDiario.jsf?init=true
Intercambio,Intercambio Norte,0.0,2026-02-01,07:55:39,2026-02-01T07:55:39-06:00,https://apps.grupoice.com/CenceWeb/CenceBoletinIntraDiario.jsf?init=true
Intercambio,Intercambio Sur,137.23,2026-02-01,07:55:39,2026-02-01T07:55:39-06:00,https://apps.grupoice.com/CenceWeb/CenceBoletinIntraDiario.jsf?init=true
Solar,Otras Solar,0.8,2026-02-01,07:55:39,2026-02-01T07:55:39-06:00,https://apps.grupoice.com/CenceWeb/CenceBoletinIntraDiario.jsf?init=true
Solar,Parque Solar Miravalles,0.0,2026-02-01,07:55:39,2026-02-01T07:55:39-06:00,https://apps.grupoice.com/CenceWeb/CenceBoletinIntraDiario.jsf?init=true
Térmico,Boca de Pozo,4.46,2026-02-01,07:55:39,2026-02-01T07:55:39-06:00,https://apps.grupoice.com/CenceWeb/CenceBoletinIntraDiario.jsf?init=true
Térmico,Garabito,0.0,2026-02-01,07:55:39,2026-02-01T07:55:39-06:00,https://apps.grupoice.com/CenceWeb/CenceBoletinIntraDiario.jsf?init=true
Térmico,Guápiles,0.0,2026-02-01,07:55:39,2026-02-01T07:55:39-06:00,https://apps.grupoice.com/CenceWeb/CenceBoletinIntraDiario.jsf?init=true
Térmico,Las Pailas II,52.04,2026-02-01,07:55:39,2026-02-01T07:55:39-06:00,https://apps.grupoice.com/CenceWeb/CenceBoletinIntraDiario.jsf?init=true
Térmico,Miravalles I,39.4,2026-02-01,07:55:39,2026-02-01T07:55:39-06:00,https://apps.grupoice.com/CenceWeb/CenceBoletinIntraDiario.jsf?init=true
Térmico,Miravalles II,40.65,2026-02-01,07:55:39,2026-02-01T07:55:39-06:00,https://apps.grupoice.com/CenceWeb/CenceBoletinIntraDiario.jsf?init=true
Térmico,Miravalles III,12.96,2026-02-01,07:55:39,2026-02-01T07:55:39-06:00,https://apps.grupoice.com/CenceWeb/CenceBoletinIntraDiario.jsf?init=true
Térmico,Miravalles V,0.0,2026-02-01,07:55:39,2026-02-01T07:55:39-06:00,https://apps.grupoice.com/CenceWeb/CenceBoletinIntraDiario.jsf?init=true
Térmico,Moín II,0.0,2026-02-01,07:55:39,2026-02-01T07:55:39-06:00,https://apps.grupoice.com/CenceWeb/CenceBoletinIntraDiario.jsf?init=true
Térmico,Moín III,0.0,2026-02-01,07:55:39,2026-02-01T07:55:39-06:00,https://apps.grupoice.com/CenceWeb/CenceBoletinIntraDiario.jsf?init=true
Térmico,Orotina,0.0,2026-02-01,07:55:39,2026-02-01T07:55:39-06:00,https://apps.grupoice.com/CenceWeb/CenceBoletinIntraDiario.jsf?init=true
Térmico,PTA Garabito,0.0,2026-02-01,07:55:39,2026-02-01T07:55:39-06:00,https://apps.grupoice.com/CenceWeb/CenceBoletinIntraDiario.jsf?init=true
Térmico,PTA Moín,0.0,2026-02-01,07:55:39,2026-02-01T07:55:39-06:00,https://apps.grupoice.com/CenceWeb/CenceBoletinIntraDiario.jsf?init=true
Térmico,Pailas,30.04,2026-02-01,07:55:39,2026-02-01T07:55:39-06:00,https://apps.grupoice.com/CenceWeb/CenceBoletinIntraDiario.jsf?init=true
Biomasa,Privada Térmico Bagazo,14.89,2026-02-01,08:56:20,2026-02-01T08:56:20-06:00,https://apps.grupoice.com/CenceWeb/CenceBoletinIntraDiario.jsf?init=true
Eólico,BOT Eólico,125.54,2026-02-01,08:56:20,2026-02-01T08:56:20-06:00,https://apps.grupoice.com/CenceWeb/CenceBoletinIntraDiario.jsf?init=true
Eólico,Distribuidoras,76.05,2026-02-01,08:56:20,2026-02-01T08:56:20-06:00,https://apps.grupoice.com/CenceWeb/CenceBoletinIntraDiario.jsf?init=true
Eólico,Privada Eólico,91.14,2026-02-01,08:56:20,2026-02-01T08:56:20-06:00,https://apps.grupoice.com/CenceWeb/CenceBoletinIntraDiario.jsf?init=true
Eólico,Tejona,1.6,2026-02-01,08:56:20,2026-02-01T08:56:20-06:00,https://apps.grupoice.com/CenceWeb/CenceBoletinIntraDiario.jsf?init=true
Hídrico,Angostura,38.46,2026-02-01,08:56:20,2026-02-01T08:56:20-06:00,https://apps.grupoice.com/CenceWeb/CenceBoletinIntraDiario.jsf?init=true
Hídrico,Arenal,41.76,2026-02-01,08:56:20,2026-02-01T08:56:20-06:00,https://apps.grupoice.com/CenceWeb/CenceBoletinIntraDiario.jsf?init=true
Hídrico,BOT Hidro,10.54,2026-02-01,08:56:20,2026-02-01T08:56:20-06:00,https://apps.grupoice.com/CenceWeb/CenceBoletinIntraDiario.jsf?init=true
Hídrico,Cachí,0.0,2026-02-01,08:56:20,2026-02-01T08:56:20-06:00,https://apps.grupoice.com/CenceWeb/CenceBoletinIntraDiario.jsf?init=true
Hídrico,Cariblanco,41.53,2026-02-01,08:56:20,2026-02-01T08:56:20-06:00,https://apps.grupoice.com/CenceWeb/CenceBoletinIntraDiario.jsf?init=true
Hídrico,Dengo,48.02,2026-02-01,08:56:20,2026-02-01T08:56:20-06:00,https://apps.grupoice.com/CenceWeb/CenceBoletinIntraDiario.jsf?init=true
Hídrico,Distribuidoras,169.97,2026-02-01,08:56:20,2026-02-01T08:56:20-06:00,https://apps.grupoice.com/CenceWeb/CenceBoletinIntraDiario.jsf?init=true
Hídrico,Echandi,3.8,2026-02-01,08:56:20,2026-02-01T08:56:20-06:00,https://apps.grupoice.com/CenceWeb/CenceBoletinIntraDiario.jsf?init=true
Hídrico,El General,26.68,2026-02-01,08:56:20,2026-02-01T08:56:20-06:00,https://apps.grupoice.com/CenceWeb/CenceBoletinIntraDiario.jsf?init=true
Hídrico,Garita,19.76,2026-02-01,08:56:20,2026-02-01T08:56:20-06:00,https://apps.grupoice.com/CenceWeb/CenceBoletinIntraDiario.jsf?init=true
Hídrico,La Joya,0.0,2026-02-01,08:56:20,2026-02-01T08:56:20-06:00,https://apps.grupoice.com/CenceWeb/CenceBoletinIntraDiario.jsf?init=true
Hídrico,Peñas Blancas,18.3,2026-02-01,08:56:20,2026-02-01T08:56:20-06:00,https://apps.grupoice.com/CenceWeb/CenceBoletinIntraDiario.jsf?init=true
Hídrico,Pirrís,0.0,2026-02-01,08:56:20,2026-02-01T08:56:20-06:00,https://apps.grupoice.com/CenceWeb/CenceBoletinIntraDiario.jsf?init=true
Hídrico,Privada Hidro,39.48,2026-02-01,08:56:20,2026-02-01T08:56:20-06:00,https://apps.grupoice.com/CenceWeb/CenceBoletinIntraDiario.jsf?init=true
Hídrico,Reventazón,53.35,2026-02-01,08:56:20,2026-02-01T08:56:20-06:00,https://apps.grupoice.com/CenceWeb/CenceBoletinIntraDiario.jsf?init=true
Hídrico,Río Macho,82.08,2026-02-01,08:56:20,2026-02-01T08:56:20-06:00,https://apps.grupoice.com/CenceWeb/CenceBoletinIntraDiario.jsf?init=true
Hídrico,Sandillal,13.57,2026-02-01,08:56:20,2026-02-01T08:56:20-06:00,https://apps.grupoice.com/CenceWeb/CenceBoletinIntraDiario.jsf?init=true
Hídrico,Toro I,13.02,2026-02-01,08:56:20,2026-02-01T08:56:20-06:00,https://apps.grupoice.com/CenceWeb/CenceBoletinIntraDiario.jsf?init=true
Hídrico,Toro II,41.75,2026-02-01,08:56:20,2026-02-01T08:56:20-06:00,https://apps.grupoice.com/CenceWeb/CenceBoletinIntraDiario.jsf?init=true
Hídrico,Toro III,31.43,2026-02-01,08:56:20,2026-02-01T08:56:20-06:00,https://apps.grupoice.com/CenceWeb/CenceBoletinIntraDiario.jsf?init=true
Hídrico,Ventanas-Garita,0.0,2026-02-01,08:56:20,2026-02-01T08:56:20-06:00,https://apps.grupoice.com/CenceWeb/CenceBoletinIntraDiario.jsf?init=true
Intercambio,Intercambio Norte,0.0,2026-02-01,08:56:20,2026-02-01T08:56:20-06:00,https://apps.grupoice.com/CenceWeb/CenceBoletinIntraDiario.jsf?init=true
Intercambio,Intercambio Sur,119.68,2026-02-01,08:56:20,2026-02-01T08:56:20-06:00,https://apps.grupoice.com/CenceWeb/CenceBoletinIntraDiario.jsf?init=true
Solar,Otras Solar,5.57,2026-02-01,08:56:20,2026-02-01T08:56:20-06:00,https://apps.grupoice.com/CenceWeb/CenceBoletinIntraDiario.jsf?init=true
Solar,Parque Solar Miravalles,0.0,2026-02-01,08:56:20,2026-02-01T08:56:20-06:00,https://apps.grupoice.com/CenceWeb/CenceBoletinIntraDiario.jsf?init=true
Térmico,Boca de Pozo,4.46,2026-02-01,08:56:20,2026-02-01T08:56:20-06:00,https://apps.grupoice.com/CenceWeb/CenceBoletinIntraDiario.jsf?init=true
Térmico,Garabito,0.0,2026-02-01,08:56:20,2026-02-01T08:56:20-06:00,https://apps.grupoice.com/CenceWeb/CenceBoletinIntraDiario.jsf?init=true
Térmico,Guápiles,0.0,2026-02-01,08:56:20,2026-02-01T08:56:20-06:00,https://apps.grupoice.com/CenceWeb/CenceBoletinIntraDiario.jsf?init=true
Térmico,Las Pailas II,51.85,2026-02-01,08:56:20,2026-02-01T08:56:20-06:00,https://apps.grupoice.com/CenceWeb/CenceBoletinIntraDiario.jsf?init=true
Térmico,Miravalles I,39.29,2026-02-01,08:56:20,2026-02-01T08:56:20-06:00,https://apps.grupoice.com/CenceWeb/CenceBoletinIntraDiario.jsf?init=true
Térmico,Miravalles II,40.57,2026-02-01,08:56:20,2026-02-01T08:56:20-06:00,https://apps.grupoice.com/CenceWeb/CenceBoletinIntraDiario.jsf?init=true
Térmico,Miravalles III,12.96,2026-02-01,08:56:20,2026-02-01T08:56:20-06:00,https://apps.grupoice.com/CenceWeb/CenceBoletinIntraDiario.jsf?init=true
Térmico,Miravalles V,0.0,2026-02-01,08:56:20,2026-02-01T08:56:20-06:00,https://apps.grupoice.com/CenceWeb/CenceBoletinIntraDiario.jsf?init=true
Térmico,Moín II,0.0,2026-02-01,08:56:20,2026-02-01T08:56:20-06:00,https://apps.grupoice.com/CenceWeb/CenceBoletinIntraDiario.jsf?init=true
Térmico,Moín III,0.0,2026-02-01,08:56:20,2026-02-01T08:56:20-06:00,https://apps.grupoice.com/CenceWeb/CenceBoletinIntraDiario.jsf?init=true
Térmico,Orotina,0.0,2026-02-01,08:56:20,2026-02-01T08:56:20-06:00,https://apps.grupoice.com/CenceWeb/CenceBoletinIntraDiario.jsf?init=true
Térmico,PTA Garabito,0.0,2026-02-01,08:56:20,2026-02-01T08:56:20-06:00,https://apps.grupoice.com/CenceWeb/CenceBoletinIntraDiario.jsf?init=true
Térmico,PTA Moín,0.0,2026-02-01,08:56:20,2026-02-01T08:56:20-06:00,https://apps.grupoice.com/CenceWeb/CenceBoletinIntraDiario.jsf?init=true
Térmico,Pailas,30.16,2026-02-01,08:56:20,2026-02-01T08:56:20-06:00,https://apps.grupoice.com/CenceWeb/CenceBoletinIntraDiario.jsf?init=true
Biomasa,Privada Térmico Bagazo,15.35,2026-02-01,11:00:18,2026-02-01T11:00:18-06:00,https://apps.grupoice.com/CenceWeb/CenceBoletinIntraDiario.jsf?init=true
Eólico,BOT Eólico,126.49,2026-02-01,11:00:18,2026-02-01T11:00:18-06:00,https://apps.grupoice.com/CenceWeb/CenceBoletinIntraDiario.jsf?init=true
Eólico,Distribuidoras,76.46,2026-02-01,11:00:18,2026-02-01T11:00:18-06:00,https://apps.grupoice.com/CenceWeb/CenceBoletinIntraDiario.jsf?init=true
Eólico,Privada Eólico,84.57,2026-02-01,11:00:18,2026-02-01T11:00:18-06:00,https://apps.grupoice.com/CenceWeb/CenceBoletinIntraDiario.jsf?init=true
Eólico,Tejona,2.12,2026-02-01,11:00:18,2026-02-01T11:00:18-06:00,https://apps.grupoice.com/CenceWeb/CenceBoletinIntraDiario.jsf?init=true
Hídrico,Angostura,58.8,2026-02-01,11:00:18,2026-02-01T11:00:18-06:00,https://apps.grupoice.com/CenceWeb/CenceBoletinIntraDiario.jsf?init=true
Hídrico,Arenal,71.53,2026-02-01,11:00:18,2026-02-01T11:00:18-06:00,https://apps.grupoice.com/CenceWeb/CenceBoletinIntraDiario.jsf?init=true
Hídrico,BOT Hidro,27.55,2026-02-01,11:00:18,2026-02-01T11:00:18-06:00,https://apps.grupoice.com/CenceWeb/CenceBoletinIntraDiario.jsf?init=true
Hídrico,Cachí,0.0,2026-02-01,11:00:18,2026-02-01T11:00:18-06:00,https://apps.grupoice.com/CenceWeb/CenceBoletinIntraDiario.jsf?init=true
Hídrico,Cariblanco,65.25,2026-02-01,11:00:18,2026-02-01T11:00:18-06:00,https://apps.grupoice.com/CenceWeb/CenceBoletinIntraDiario.jsf?init=true
Hídrico,Dengo,82.01,2026-02-01,11:00:18,2026-02-01T11:00:18-06:00,https://apps.grupoice.com/CenceWeb/CenceBoletinIntraDiario.jsf?init=true
Hídrico,Distribuidoras,189.68,2026-02-01,11:00:18,2026-02-01T11:00:18-06:00,https://apps.grupoice.com/CenceWeb/CenceBoletinIntraDiario.jsf?init=true
Hídrico,Echandi,3.79,2026-02-01,11:00:18,2026-02-01T11:00:18-06:00,https://apps.grupoice.com/CenceWeb/CenceBoletinIntraDiario.jsf?init=true
Hídrico,El General,26.72,2026-02-01,11:00:18,2026-02-01T11:00:18-06:00,https://apps.grupoice.com/CenceWeb/CenceBoletinIntraDiario.jsf?init=true
Hídrico,Garita,19.7,2026-02-01,11:00:18,2026-02-01T11:00:18-06:00,https://apps.grupoice.com/CenceWeb/CenceBoletinIntraDiario.jsf?init=true
Hídrico,La Joya,0.0,2026-02-01,11:00:18,2026-02-01T11:00:18-06:00,https://apps.grupoice.com/CenceWeb/CenceBoletinIntraDiario.jsf?init=true
Hídrico,Peñas Blancas,18.3,2026-02-01,11:00:18,2026-02-01T11:00:18-06:00,https://apps.grupoice.com/CenceWeb/CenceBoletinIntraDiario.jsf?init=true
Hídrico,Pirrís,0.0,2026-02-01,11:00:18,2026-02-01T11:00:18-06:00,https://apps.grupoice.com/CenceWeb/CenceBoletinIntraDiario.jsf?init=true
Hídrico,Privada Hidro,38.99,2026-02-01,11:00:18,2026-02-01T11:00:18-06:00,https://apps.grupoice.com/CenceWeb/CenceBoletinIntraDiario.jsf?init=true
Hídrico,Reventazón,51.91,2026-02-01,11:00:18,2026-02-01T11:00:18-06:00,https://apps.grupoice.com/CenceWeb/CenceBoletinIntraDiario.jsf?init=true
Hídrico,Río Macho,92.37,2026-02-01,11:00:18,2026-02-01T11:00:18-06:00,https://apps.grupoice.com/CenceWeb/CenceBoletinIntraDiario.jsf?init=true
Hídrico,Sandillal,13.57,2026-02-01,11:00:18,2026-02-01T11:00:18-06:00,https://apps.grupoice.com/CenceWeb/CenceBoletinIntraDiario.jsf?init=true
Hídrico,Toro I,25.77,2026-02-01,11:00:18,2026-02-01T11:00:18-06:00,https://apps.grupoice.com/CenceWeb/CenceBoletinIntraDiario.jsf?init=true
Hídrico,Toro II,63.55,2026-02-01,11:00:18,2026-02-01T11:00:18-06:00,https://apps.grupoice.com/CenceWeb/CenceBoletinIntraDiario.jsf?init=true
Hídrico,Toro III,44.55,2026-02-01,11:00:18,2026-02-01T11:00:18-06:00,https://apps.grupoice.com/CenceWeb/CenceBoletinIntraDiario.jsf?init=true
Hídrico,Ventanas-Garita,0.0,2026-02-01,11:00:18,2026-02-01T11:00:18-06:00,https://apps.grupoice.com/CenceWeb/CenceBoletinIntraDiario.jsf?init=true
Intercambio,Intercambio Norte,-114.03,2026-02-01,11:00:18,2026-02-01T11:00:18-06:00,https://apps.grupoice.com/CenceWeb/CenceBoletinIntraDiario.jsf?init=true
Intercambio,Intercambio Sur,110.31,2026-02-01,11:00:18,2026-02-01T11:00:18-06:00,https://apps.grupoice.com/CenceWeb/CenceBoletinIntraDiario.jsf?init=true
Solar,Otras Solar,13.4,2026-02-01,11:00:18,2026-02-01T11:00:18-06:00,https://apps.grupoice.com/CenceWeb/CenceBoletinIntraDiario.jsf?init=true
Solar,Parque Solar Miravalles,0.0,2026-02-01,11:00:18,2026-02-01T11:00:18-06:00,https://apps.grupoice.com/CenceWeb/CenceBoletinIntraDiario.jsf?init=true
Térmico,Boca de Pozo,4.46,2026-02-01,11:00:18,2026-02-01T11:00:18-06:00,https://apps.grupoice.com/CenceWeb/CenceBoletinIntraDiario.jsf?init=true
Térmico,Garabito,0.0,2026-02-01,11:00:18,2026-02-01T11:00:18-06:00,https://apps.grupoice.com/CenceWeb/CenceBoletinIntraDiario.jsf?init=true
Térmico,Guápiles,0.0,2026-02-01,11:00:18,2026-02-01T11:00:18-06:00,https://apps.grupoice.com/CenceWeb/CenceBoletinIntraDiario.jsf?init=true
Térmico,Las Pailas II,52.03,2026-02-01,11:00:18,2026-02-01T11:00:18-06:00,https://apps.grupoice.com/CenceWeb/CenceBoletinIntraDiario.jsf?init=true
Térmico,Miravalles I,39.16,2026-02-01,11:00:18,2026-02-01T11:00:18-06:00,https://apps.grupoice.com/CenceWeb/CenceBoletinIntraDiario.jsf?init=true
Térmico,Miravalles II,40.45,2026-02-01,11:00:18,2026-02-01T11:00:18-06:00,https://apps.grupoice.com/CenceWeb/CenceBoletinIntraDiario.jsf?init=true
Térmico,Miravalles III,12.96,2026-02-01,11:00:18,2026-02-01T11:00:18-06:00,https://apps.grupoice.com/CenceWeb/CenceBoletinIntraDiario.jsf?init=true
Térmico,Miravalles V,0.0,2026-02-01,11:00:18,2026-02-01T11:00:18-06:00,https://apps.grupoice.com/CenceWeb/CenceBoletinIntraDiario.jsf?init=true
Térmico,Moín II,0.0,2026-02-01,11:00:18,2026-02-01T11:00:18-06:00,https://apps.grupoice.com/CenceWeb/CenceBoletinIntraDiario.jsf?init=true
Térmico,Moín III,0.0,2026-02-01,11:00:18,2026-02-01T11:00:18-06:00,https://apps.grupoice.com/CenceWeb/CenceBoletinIntraDiario.jsf?init=true
Térmico,Orotina,0.0,2026-02-01,11:00:18,2026-02-01T11:00:18-06:00,https://apps.grupoice.com/CenceWeb/CenceBoletinIntraDiario.jsf?init=true
Térmico,PTA Garabito,0.0,2026-02-01,11:00:18,2026-02-01T11:00:18-06:00,https://apps.grupoice.com/CenceWeb/CenceBoletinIntraDiario.jsf?init=true
Térmico,PTA Moín,0.0,2026-02-01,11:00:18,2026-02-01T11:00:18-06:00,https://apps.grupoice.com/CenceWeb/CenceBoletinIntraDiario.jsf?init=true
Térmico,Pailas,30.05,2026-02-01,11:00:18,2026-02-01T11:00:18-06:00,https://apps.grupoice.com/CenceWeb/CenceBoletinIntraDiario.jsf?init=true
Biomasa,Privada Térmico Bagazo,15.17,2026-02-01,13:05:28,2026-02-01T13:05:28-06:00,https://apps.grupoice.com/CenceWeb/CenceBoletinIntraDiario.jsf?init=true
Eólico,BOT Eólico,123.49,2026-02-01,13:05:28,2026-02-01T13:05:28-06:00,https://apps.grupoice.com/CenceWeb/CenceBoletinIntraDiario.jsf?init=true
Eólico,Distribuidoras,77.41,2026-02-01,13:05:28,2026-02-01T13:05:28-06:00,https://apps.grupoice.com/CenceWeb/CenceBoletinIntraDiario.jsf?init=true
Eólico,Privada Eólico,107.24,2026-02-01,13:05:28,2026-02-01T13:05:28-06:00,https://apps.grupoice.com/CenceWeb/CenceBoletinIntraDiario.jsf?init=true
Eólico,Tejona,2.53,2026-02-01,13:05:28,2026-02-01T13:05:28-06:00,https://apps.grupoice.com/CenceWeb/CenceBoletinIntraDiario.jsf?init=true
Hídrico,Angostura,43.19,2026-02-01,13:05:28,2026-02-01T13:05:28-06:00,https://apps.grupoice.com/CenceWeb/CenceBoletinIntraDiario.jsf?init=true
Hídrico,Arenal,84.57,2026-02-01,13:05:28,2026-02-01T13:05:28-06:00,https://apps.grupoice.com/CenceWeb/CenceBoletinIntraDiario.jsf?init=true
Hídrico,BOT Hidro,64.62,2026-02-01,13:05:28,2026-02-01T13:05:28-06:00,https://apps.grupoice.com/CenceWeb/CenceBoletinIntraDiario.jsf?init=true
Hídrico,Cachí,0.0,2026-02-01,13:05:28,2026-02-01T13:05:28-06:00,https://apps.grupoice.com/CenceWeb/CenceBoletinIntraDiario.jsf?init=true
Hídrico,Cariblanco,58.25,2026-02-01,13:05:28,2026-02-01T13:05:28-06:00,https://apps.grupoice.com/CenceWeb/CenceBoletinIntraDiario.jsf?init=true
Hídrico,Dengo,95.18,2026-02-01,13:05:28,2026-02-01T13:05:28-06:00,https://apps.grupoice.com/CenceWeb/CenceBoletinIntraDiario.jsf?init=true
Hídrico,Distribuidoras,240.21,2026-02-01,13:05:28,2026-02-01T13:05:28-06:00,https://apps.grupoice.com/CenceWeb/CenceBoletinIntraDiario.jsf?init=true
Hídrico,Echandi,0.0,2026-02-01,13:05:28,2026-02-01T13:05:28-06:00,https://apps.grupoice.com/CenceWeb/CenceBoletinIntraDiario.jsf?init=true
Hídrico,El General,26.71,2026-02-01,13:05:28,2026-02-01T13:05:28-06:00,https://apps.grupoice.com/CenceWeb/CenceBoletinIntraDiario.jsf?init=true
Hídrico,Garita,7.89,2026-02-01,13:05:28,2026-02-01T13:05:28-06:00,https://apps.grupoice.com/CenceWeb/CenceBoletinIntraDiario.jsf?init=true
Hídrico,La Joya,0.0,2026-02-01,13:05:28,2026-02-01T13:05:28-06:00,https://apps.grupoice.com/CenceWeb/CenceBoletinIntraDiario.jsf?init=true
Hídrico,Peñas Blancas,18.3,2026-02-01,13:05:28,2026-02-01T13:05:28-06:00,https://apps.grupoice.com/CenceWeb/CenceBoletinIntraDiario.jsf?init=true
Hídrico,Pirrís,0.0,2026-02-01,13:05:28,2026-02-01T13:05:28-06:00,https://apps.grupoice.com/CenceWeb/CenceBoletinIntraDiario.jsf?init=true
Hídrico,Privada Hidro,39.92,2026-02-01,13:05:28,2026-02-01T13:05:28-06:00,https://apps.grupoice.com/CenceWeb/CenceBoletinIntraDiario.jsf?init=true
Hídrico,Reventazón,51.96,2026-02-01,13:05:28,2026-02-01T13:05:28-06:00,https://apps.grupoice.com/CenceWeb/CenceBoletinIntraDiario.jsf?init=true
Hídrico,Río Macho,48.32,2026-02-01,13:05:28,2026-02-01T13:05:28-06:00,https://apps.grupoice.com/CenceWeb/CenceBoletinIntraDiario.jsf?init=true
Hídrico,Sandillal,13.57,2026-02-01,13:05:28,2026-02-01T13:05:28-06:00,https://apps.grupoice.com/CenceWeb/CenceBoletinIntraDiario.jsf?init=true
Hídrico,Toro I,19.15,2026-02-01,13:05:28,2026-02-01T13:05:28-06:00,https://apps.grupoice.com/CenceWeb/CenceBoletinIntraDiario.jsf?init=true
Hídrico,Toro II,43.23,2026-02-01,13:05:28,2026-02-01T13:05:28-06:00,https://apps.grupoice.com/CenceWeb/CenceBoletinIntraDiario.jsf?init=true
Hídrico,Toro III,32.48,2026-02-01,13:05:28,2026-02-01T13:05:28-06:00,https://apps.grupoice.com/CenceWeb/CenceBoletinIntraDiario.jsf?init=true
Hídrico,Ventanas-Garita,0.0,2026-02-01,13:05:28,2026-02-01T13:05:28-06:00,https://apps.grupoice.com/CenceWeb/CenceBoletinIntraDiario.jsf?init=true
Intercambio,Intercambio Norte,0.0,2026-02-01,13:05:28,2026-02-01T13:05:28-06:00,https://apps.grupoice.com/CenceWeb/CenceBoletinIntraDiario.jsf?init=true
Intercambio,Intercambio Sur,132.99,2026-02-01,13:05:28,2026-02-01T13:05:28-06:00,https://apps.grupoice.com/CenceWeb/CenceBoletinIntraDiario.jsf?init=true
Solar,Otras Solar,15.41,2026-02-01,13:05:28,2026-02-01T13:05:28-06:00,https://apps.grupoice.com/CenceWeb/CenceBoletinIntraDiario.jsf?init=true
Solar,Parque Solar Miravalles,0.0,2026-02-01,13:05:28,2026-02-01T13:05:28-06:00,https://apps.grupoice.com/CenceWeb/CenceBoletinIntraDiario.jsf?init=true
Térmico,Boca de Pozo,4.46,2026-02-01,13:05:28,2026-02-01T13:05:28-06:00,https://apps.grupoice.com/CenceWeb/CenceBoletinIntraDiario.jsf?init=true
Térmico,Garabito,0.0,2026-02-01,13:05:28,2026-02-01T13:05:28-06:00,https://apps.grupoice.com/CenceWeb/CenceBoletinIntraDiario.jsf?init=true
Térmico,Guápiles,0.0,2026-02-01,13:05:28,2026-02-01T13:05:28-06:00,https://apps.grupoice.com/CenceWeb/CenceBoletinIntraDiario.jsf?init=true
Térmico,Las Pailas II,52.07,2026-02-01,13:05:28,2026-02-01T13:05:28-06:00,https://apps.grupoice.com/CenceWeb/CenceBoletinIntraDiario.jsf?init=true
Térmico,Miravalles I,39.03,2026-02-01,13:05:28,2026-02-01T13:05:28-06:00,https://apps.grupoice.com/CenceWeb/CenceBoletinIntraDiario.jsf?init=true
Térmico,Miravalles II,40.32,2026-02-01,13:05:28,2026-02-01T13:05:28-06:00,https://apps.grupoice.com/CenceWeb/CenceBoletinIntraDiario.jsf?init=true
Térmico,Miravalles III,12.94,2026-02-01,13:05:28,2026-02-01T13:05:28-06:00,https://apps.grupoice.com/CenceWeb/CenceBoletinIntraDiario.jsf?init=true
Térmico,Miravalles V,0.0,2026-02-01,13:05:28,2026-02-01T13:05:28-06:00,https://apps.grupoice.com/CenceWeb/CenceBoletinIntraDiario.jsf?init=true
Térmico,Moín II,0.0,2026-02-01,13:05:28,2026-02-01T13:05:28-06:00,https://apps.grupoice.com/CenceWeb/CenceBoletinIntraDiario.jsf?init=true
Térmico,Moín III,0.0,2026-02-01,13:05:28,2026-02-01T13:05:28-06:00,https://apps.grupoice.com/CenceWeb/CenceBoletinIntraDiario.jsf?init=true
Térmico,Orotina,0.0,2026-02-01,13:05:28,2026-02-01T13:05:28-06:00,https://apps.grupoice.com/CenceWeb/CenceBoletinIntraDiario.jsf?init=true
Térmico,PTA Garabito,0.0,2026-02-01,13:05:28,2026-02-01T13:05:28-06:00,https://apps.grupoice.com/CenceWeb/CenceBoletinIntraDiario.jsf?init=true
Térmico,PTA Moín,0.0,2026-02-01,13:05:28,2026-02-01T13:05:28-06:00,https://apps.grupoice.com/CenceWeb/CenceBoletinIntraDiario.jsf?init=true
Térmico,Pailas,30.12,2026-02-01,13:05:28,2026-02-01T13:05:28-06:00,https://apps.grupoice.com/CenceWeb/CenceBoletinIntraDiario.jsf?init=true
Biomasa,Privada Térmico Bagazo,13.37,2026-02-01,14:54:49,2026-02-01T14:54:49-06:00,https://apps.grupoice.com/CenceWeb/CenceBoletinIntraDiario.jsf?init=true
Eólico,BOT Eólico,122.46,2026-02-01,14:54:49,2026-02-01T14:54:49-06:00,https://apps.grupoice.com/CenceWeb/CenceBoletinIntraDiario.jsf?init=true
Eólico,Distribuidoras,77.07,2026-02-01,14:54:49,2026-02-01T14:54:49-06:00,https://apps.grupoice.com/CenceWeb/CenceBoletinIntraDiario.jsf?init=true
Eólico,Privada Eólico,131.68,2026-02-01,14:54:49,2026-02-01T14:54:49-06:00,https://apps.grupoice.com/CenceWeb/CenceBoletinIntraDiario.jsf?init=true
Eólico,Tejona,2.81,2026-02-01,14:54:49,2026-02-01T14:54:49-06:00,https://apps.grupoice.com/CenceWeb/CenceBoletinIntraDiario.jsf?init=true
Hídrico,Angostura,47.83,2026-02-01,14:54:49,2026-02-01T14:54:49-06:00,https://apps.grupoice.com/CenceWeb/CenceBoletinIntraDiario.jsf?init=true
Hídrico,Arenal,96.3,2026-02-01,14:54:49,2026-02-01T14:54:49-06:00,https://apps.grupoice.com/CenceWeb/CenceBoletinIntraDiario.jsf?init=true
Hídrico,BOT Hidro,21.68,2026-02-01,14:54:49,2026-02-01T14:54:49-06:00,https://apps.grupoice.com/CenceWeb/CenceBoletinIntraDiario.jsf?init=true
Hídrico,Cachí,0.0,2026-02-01,14:54:49,2026-02-01T14:54:49-06:00,https://apps.grupoice.com/CenceWeb/CenceBoletinIntraDiario.jsf?init=true
Hídrico,Cariblanco,57.31,2026-02-01,14:54:49,2026-02-01T14:54:49-06:00,https://apps.grupoice.com/CenceWeb/CenceBoletinIntraDiario.jsf?init=true
Hídrico,Dengo,105.62,2026-02-01,14:54:49,2026-02-01T14:54:49-06:00,https://apps.grupoice.com/CenceWeb/CenceBoletinIntraDiario.jsf?init=true
Hídrico,Distribuidoras,144.38,2026-02-01,14:54:49,2026-02-01T14:54:49-06:00,https://apps.grupoice.com/CenceWeb/CenceBoletinIntraDiario.jsf?init=true
Hídrico,Echandi,0.0,2026-02-01,14:54:49,2026-02-01T14:54:49-06:00,https://apps.grupoice.com/CenceWeb/CenceBoletinIntraDiario.jsf?init=true
Hídrico,El General,26.69,2026-02-01,14:54:49,2026-02-01T14:54:49-06:00,https://apps.grupoice.com/CenceWeb/CenceBoletinIntraDiario.jsf?init=true
Hídrico,Garita,19.58,2026-02-01,14:54:49,2026-02-01T14:54:49-06:00,https://apps.grupoice.com/CenceWeb/CenceBoletinIntraDiario.jsf?init=true
Hídrico,La Joya,0.0,2026-02-01,14:54:49,2026-02-01T14:54:49-06:00,https://apps.grupoice.com/CenceWeb/CenceBoletinIntraDiario.jsf?init=true
Hídrico,Peñas Blancas,18.31,2026-02-01,14:54:49,2026-02-01T14:54:49-06:00,https://apps.grupoice.com/CenceWeb/CenceBoletinIntraDiario.jsf?init=true
Hídrico,Pirrís,0.0,2026-02-01,14:54:49,2026-02-01T14:54:49-06:00,https://apps.grupoice.com/CenceWeb/CenceBoletinIntraDiario.jsf?init=true
Hídrico,Privada Hidro,39.97,2026-02-01,14:54:49,2026-02-01T14:54:49-06:00,https://apps.grupoice.com/CenceWeb/CenceBoletinIntraDiario.jsf?init=true
Hídrico,Reventazón,52.05,2026-02-01,14:54:49,2026-02-01T14:54:49-06:00,https://apps.grupoice.com/CenceWeb/CenceBoletinIntraDiario.jsf?init=true
Hídrico,Río Macho,68.87,2026-02-01,14:54:49,2026-02-01T14:54:49-06:00,https://apps.grupoice.com/CenceWeb/CenceBoletinIntraDiario.jsf?init=true
Hídrico,Sandillal,13.57,2026-02-01,14:54:49,2026-02-01T14:54:49-06:00,https://apps.grupoice.com/CenceWeb/CenceBoletinIntraDiario.jsf?init=true
Hídrico,Toro I,13.97,2026-02-01,14:54:49,2026-02-01T14:54:49-06:00,https://apps.grupoice.com/CenceWeb/CenceBoletinIntraDiario.jsf?init=true
Hídrico,Toro II,41.57,2026-02-01,14:54:49,2026-02-01T14:54:49-06:00,https://apps.grupoice.com/CenceWeb/CenceBoletinIntraDiario.jsf?init=true
Hídrico,Toro III,32.55,2026-02-01,14:54:49,2026-02-01T14:54:49-06:00,https://apps.grupoice.com/CenceWeb/CenceBoletinIntraDiario.jsf?init=true
Hídrico,Ventanas-Garita,0.0,2026-02-01,14:54:49,2026-02-01T14:54:49-06:00,https://apps.grupoice.com/CenceWeb/CenceBoletinIntraDiario.jsf?init=true
Intercambio,Intercambio Norte,0.0,2026-02-01,14:54:49,2026-02-01T14:54:49-06:00,https://apps.grupoice.com/CenceWeb/CenceBoletinIntraDiario.jsf?init=true
Intercambio,Intercambio Sur,110.08,2026-02-01,14:54:49,2026-02-01T14:54:49-06:00,https://apps.grupoice.com/CenceWeb/CenceBoletinIntraDiario.jsf?init=true
Solar,Otras Solar,14.4,2026-02-01,14:54:49,2026-02-01T14:54:49-06:00,https://apps.grupoice.com/CenceWeb/CenceBoletinIntraDiario.jsf?init=true
Solar,Parque Solar Miravalles,0.0,2026-02-01,14:54:49,2026-02-01T14:54:49-06:00,https://apps.grupoice.com/CenceWeb/CenceBoletinIntraDiario.jsf?init=true
Térmico,Boca de Pozo,4.46,2026-02-01,14:54:49,2026-02-01T14:54:49-06:00,https://apps.grupoice.com/CenceWeb/CenceBoletinIntraDiario.jsf?init=true
Térmico,Garabito,0.0,2026-02-01,14:54:49,2026-02-01T14:54:49-06:00,https://apps.grupoice.com/CenceWeb/CenceBoletinIntraDiario.jsf?init=true
Térmico,Guápiles,0.0,2026-02-01,14:54:49,2026-02-01T14:54:49-06:00,https://apps.grupoice.com/CenceWeb/CenceBoletinIntraDiario.jsf?init=true
Térmico,Las Pailas II,52.04,2026-02-01,14:54:49,2026-02-01T14:54:49-06:00,https://apps.grupoice.com/CenceWeb/CenceBoletinIntraDiario.jsf?init=true
Térmico,Miravalles I,39.01,2026-02-01,14:54:49,2026-02-01T14:54:49-06:00,https://apps.grupoice.com/CenceWeb/CenceBoletinIntraDiario.jsf?init=true
Térmico,Miravalles II,40.25,2026-02-01,14:54:49,2026-02-01T14:54:49-06:00,https://apps.grupoice.com/CenceWeb/CenceBoletinIntraDiario.jsf?init=true
Térmico,Miravalles III,12.94,2026-02-01,14:54:49,2026-02-01T14:54:49-06:00,https://apps.grupoice.com/CenceWeb/CenceBoletinIntraDiario.jsf?init=true
Térmico,Miravalles V,0.0,2026-02-01,14:54:49,2026-02-01T14:54:49-06:00,https://apps.grupoice.com/CenceWeb/CenceBoletinIntraDiario.jsf?init=true
Térmico,Moín II,0.0,2026-02-01,14:54:49,2026-02-01T14:54:49-06:00,https://apps.grupoice.com/CenceWeb/CenceBoletinIntraDiario.jsf?init=true
Térmico,Moín III,0.0,2026-02-01,14:54:49,2026-02-01T14:54:49-06:00,https://apps.grupoice.com/CenceWeb/CenceBoletinIntraDiario.jsf?init=true
Térmico,Orotina,0.0,2026-02-01,14:54:49,2026-02-01T14:54:49-06:00,https://apps.grupoice.com/CenceWeb/CenceBoletinIntraDiario.jsf?init=true
Térmico,PTA Garabito,0.0,2026-02-01,14:54:49,2026-02-01T14:54:49-06:00,https://apps.grupoice.com/CenceWeb/CenceBoletinIntraDiario.jsf?init=true
Térmico,PTA Moín,0.0,2026-02-01,14:54:49,2026-02-01T14:54:49-06:00,https://apps.grupoice.com/CenceWeb/CenceBoletinIntraDiario.jsf?init=true
Térmico,Pailas,30.16,2026-02-01,14:54:49,2026-02-01T14:54:49-06:00,https://apps.grupoice.com/CenceWeb/CenceBoletinIntraDiario.jsf?init=true
Biomasa,Privada Térmico Bagazo,13.32,2026-02-01,16:56:00,2026-02-01T16:56:00-06:00,https://apps.grupoice.com/CenceWeb/CenceBoletinIntraDiario.jsf?init=true
Eólico,BOT Eólico,122.68,2026-02-01,16:56:00,2026-02-01T16:56:00-06:00,https://apps.grupoice.com/CenceWeb/CenceBoletinIntraDiario.jsf?init=true
Eólico,Distribuidoras,73.83,2026-02-01,16:56:00,2026-02-01T16:56:00-06:00,https://apps.grupoice.com/CenceWeb/CenceBoletinIntraDiario.jsf?init=true
Eólico,Privada Eólico,131.99,2026-02-01,16:56:00,2026-02-01T16:56:00-06:00,https://apps.grupoice.com/CenceWeb/CenceBoletinIntraDiario.jsf?init=true
Eólico,Tejona,3.3,2026-02-01,16:56:00,2026-02-01T16:56:00-06:00,https://apps.grupoice.com/CenceWeb/CenceBoletinIntraDiario.jsf?init=true
Hídrico,Angostura,52.79,2026-02-01,16:56:00,2026-02-01T16:56:00-06:00,https://apps.grupoice.com/CenceWeb/CenceBoletinIntraDiario.jsf?init=true
Hídrico,Arenal,89.59,2026-02-01,16:56:00,2026-02-01T16:56:00-06:00,https://apps.grupoice.com/CenceWeb/CenceBoletinIntraDiario.jsf?init=true
Hídrico,BOT Hidro,19.01,2026-02-01,16:56:00,2026-02-01T16:56:00-06:00,https://apps.grupoice.com/CenceWeb/CenceBoletinIntraDiario.jsf?init=true
Hídrico,Cachí,0.0,2026-02-01,16:56:00,2026-02-01T16:56:00-06:00,https://apps.grupoice.com/CenceWeb/CenceBoletinIntraDiario.jsf?init=true
Hídrico,Cariblanco,35.35,2026-02-01,16:56:00,2026-02-01T16:56:00-06:00,https://apps.grupoice.com/CenceWeb/CenceBoletinIntraDiario.jsf?init=true
Hídrico,Dengo,99.54,2026-02-01,16:56:00,2026-02-01T16:56:00-06:00,https://apps.grupoice.com/CenceWeb/CenceBoletinIntraDiario.jsf?init=true
Hídrico,Distribuidoras,142.21,2026-02-01,16:56:00,2026-02-01T16:56:00-06:00,https://apps.grupoice.com/CenceWeb/CenceBoletinIntraDiario.jsf?init=true
Hídrico,Echandi,1.46,2026-02-01,16:56:00,2026-02-01T16:56:00-06:00,https://apps.grupoice.com/CenceWeb/CenceBoletinIntraDiario.jsf?init=true
Hídrico,El General,27.06,2026-02-01,16:56:00,2026-02-01T16:56:00-06:00,https://apps.grupoice.com/CenceWeb/CenceBoletinIntraDiario.jsf?init=true
Hídrico,Garita,19.63,2026-02-01,16:56:00,2026-02-01T16:56:00-06:00,https://apps.grupoice.com/CenceWeb/CenceBoletinIntraDiario.jsf?init=true
Hídrico,La Joya,0.0,2026-02-01,16:56:00,2026-02-01T16:56:00-06:00,https://apps.grupoice.com/CenceWeb/CenceBoletinIntraDiario.jsf?init=true
Hídrico,Peñas Blancas,18.29,2026-02-01,16:56:00,2026-02-01T16:56:00-06:00,https://apps.grupoice.com/CenceWeb/CenceBoletinIntraDiario.jsf?init=true
Hídrico,Pirrís,0.0,2026-02-01,16:56:00,2026-02-01T16:56:00-06:00,https://apps.grupoice.com/CenceWeb/CenceBoletinIntraDiario.jsf?init=true
Hídrico,Privada Hidro,40.24,2026-02-01,16:56:00,2026-02-01T16:56:00-06:00,https://apps.grupoice.com/CenceWeb/CenceBoletinIntraDiario.jsf?init=true
Hídrico,Reventazón,51.72,2026-02-01,16:56:00,2026-02-01T16:56:00-06:00,https://apps.grupoice.com/CenceWeb/CenceBoletinIntraDiario.jsf?init=true
Hídrico,Río Macho,66.45,2026-02-01,16:56:00,2026-02-01T16:56:00-06:00,https://apps.grupoice.com/CenceWeb/CenceBoletinIntraDiario.jsf?init=true
Hídrico,Sandillal,13.57,2026-02-01,16:56:00,2026-02-01T16:56:00-06:00,https://apps.grupoice.com/CenceWeb/CenceBoletinIntraDiario.jsf?init=true
Hídrico,Toro I,13.97,2026-02-01,16:56:00,2026-02-01T16:56:00-06:00,https://apps.grupoice.com/CenceWeb/CenceBoletinIntraDiario.jsf?init=true
Hídrico,Toro II,43.04,2026-02-01,16:56:00,2026-02-01T16:56:00-06:00,https://apps.grupoice.com/CenceWeb/CenceBoletinIntraDiario.jsf?init=true
Hídrico,Toro III,32.91,2026-02-01,16:56:00,2026-02-01T16:56:00-06:00,https://apps.grupoice.com/CenceWeb/CenceBoletinIntraDiario.jsf?init=true
Hídrico,Ventanas-Garita,0.0,2026-02-01,16:56:00,2026-02-01T16:56:00-06:00,https://apps.grupoice.com/CenceWeb/CenceBoletinIntraDiario.jsf?init=true
Intercambio,Intercambio Norte,0.0,2026-02-01,16:56:00,2026-02-01T16:56:00-06:00,https://apps.grupoice.com/CenceWeb/CenceBoletinIntraDiario.jsf?init=true
Intercambio,Intercambio Sur,133.57,2026-02-01,16:56:00,2026-02-01T16:56:00-06:00,https://apps.grupoice.com/CenceWeb/CenceBoletinIntraDiario.jsf?init=true
Solar,Otras Solar,7.48,2026-02-01,16:56:00,2026-02-01T16:56:00-06:00,https://apps.grupoice.com/CenceWeb/CenceBoletinIntraDiario.jsf?init=true
Solar,Parque Solar Miravalles,0.0,2026-02-01,16:56:00,2026-02-01T16:56:00-06:00,https://apps.grupoice.com/CenceWeb/CenceBoletinIntraDiario.jsf?init=true
Térmico,Boca de Pozo,4.46,2026-02-01,16:56:00,2026-02-01T16:56:00-06:00,https://apps.grupoice.com/CenceWeb/CenceBoletinIntraDiario.jsf?init=true
Térmico,Garabito,0.0,2026-02-01,16:56:00,2026-02-01T16:56:00-06:00,https://apps.grupoice.com/CenceWeb/CenceBoletinIntraDiario.jsf?init=true
Térmico,Guápiles,0.0,2026-02-01,16:56:00,2026-02-01T16:56:00-06:00,https://apps.grupoice.com/CenceWeb/CenceBoletinIntraDiario.jsf?init=true
Térmico,Las Pailas II,52.03,2026-02-01,16:56:00,2026-02-01T16:56:00-06:00,https://apps.grupoice.com/CenceWeb/CenceBoletinIntraDiario.jsf?init=true
Térmico,Miravalles I,39.02,2026-02-01,16:56:00,2026-02-01T16:56:00-06:00,https://apps.grupoice.com/CenceWeb/CenceBoletinIntraDiario.jsf?init=true
Térmico,Miravalles II,40.23,2026-02-01,16:56:00,2026-02-01T16:56:00-06:00,https://apps.grupoice.com/CenceWeb/CenceBoletinIntraDiario.jsf?init=true
Térmico,Miravalles III,12.93,2026-02-01,16:56:00,2026-02-01T16:56:00-06:00,https://apps.grupoice.com/CenceWeb/CenceBoletinIntraDiario.jsf?init=true
Térmico,Miravalles V,0.0,2026-02-01,16:56:00,2026-02-01T16:56:00-06:00,https://apps.grupoice.com/CenceWeb/CenceBoletinIntraDiario.jsf?init=true
Térmico,Moín II,0.0,2026-02-01,16:56:00,2026-02-01T16:56:00-06:00,https://apps.grupoice.com/CenceWeb/CenceBoletinIntraDiario.jsf?init=true
Térmico,Moín III,0.0,2026-02-01,16:56:00,2026-02-01T16:56:00-06:00,https://apps.grupoice.com/CenceWeb/CenceBoletinIntraDiario.jsf?init=true
Térmico,Orotina,0.0,2026-02-01,16:56:00,2026-02-01T16:56:00-06:00,https://apps.grupoice.com/CenceWeb/CenceBoletinIntraDiario.jsf?init=true
Térmico,PTA Garabito,0.0,2026-02-01,16:56:00,2026-02-01T16:56:00-06:00,https://apps.grupoice.com/CenceWeb/CenceBoletinIntraDiario.jsf?init=true
Térmico,PTA Moín,0.0,2026-02-01,16:56:00,2026-02-01T16:56:00-06:00,https://apps.grupoice.com/CenceWeb/CenceBoletinIntraDiario.jsf?init=true
Térmico,Pailas,30.06,2026-02-01,16:56:00,2026-02-01T16:56:00-06:00,https://apps.grupoice.com/CenceWeb/CenceBoletinIntraDiario.jsf?init=true
Biomasa,Privada Térmico Bagazo,14.07,2026-02-01,23:18:03,2026-02-01T23:18:03-06:00,https://apps.grupoice.com/CenceWeb/CenceBoletinIntraDiario.jsf?init=true
Eólico,BOT Eólico,116.5,2026-02-01,23:18:03,2026-02-01T23:18:03-06:00,https://apps.grupoice.com/CenceWeb/CenceBoletinIntraDiario.jsf?init=true
Eólico,Distribuidoras,65.66,2026-02-01,23:18:03,2026-02-01T23:18:03-06:00,https://apps.grupoice.com/CenceWeb/CenceBoletinIntraDiario.jsf?init=true
Eólico,Privada Eólico,33.35,2026-02-01,23:18:03,2026-02-01T23:18:03-06:00,https://apps.grupoice.com/CenceWeb/CenceBoletinIntraDiario.jsf?init=true
Eólico,Tejona,0.06,2026-02-01,23:18:03,2026-02-01T23:18:03-06:00,https://apps.grupoice.com/CenceWeb/CenceBoletinIntraDiario.jsf?init=true
Hídrico,Angostura,59.22,2026-02-01,23:18:03,2026-02-01T23:18:03-06:00,https://apps.grupoice.com/CenceWeb/CenceBoletinIntraDiario.jsf?init=true
Hídrico,Arenal,98.66,2026-02-01,23:18:03,2026-02-01T23:18:03-06:00,https://apps.grupoice.com/CenceWeb/CenceBoletinIntraDiario.jsf?init=true
Hídrico,BOT Hidro,25.82,2026-02-01,23:18:03,2026-02-01T23:18:03-06:00,https://apps.grupoice.com/CenceWeb/CenceBoletinIntraDiario.jsf?init=true
Hídrico,Cachí,0.0,2026-02-01,23:18:03,2026-02-01T23:18:03-06:00,https://apps.grupoice.com/CenceWeb/CenceBoletinIntraDiario.jsf?init=true
Hídrico,Cariblanco,41.55,2026-02-01,23:18:03,2026-02-01T23:18:03-06:00,https://apps.grupoice.com/CenceWeb/CenceBoletinIntraDiario.jsf?init=true
Hídrico,Dengo,112.07,2026-02-01,23:18:03,2026-02-01T23:18:03-06:00,https://apps.grupoice.com/CenceWeb/CenceBoletinIntraDiario.jsf?init=true
Hídrico,Distribuidoras,114.97,2026-02-01,23:18:03,2026-02-01T23:18:03-06:00,https://apps.grupoice.com/CenceWeb/CenceBoletinIntraDiario.jsf?init=true
Hídrico,Echandi,0.6,2026-02-01,23:18:03,2026-02-01T23:18:03-06:00,https://apps.grupoice.com/CenceWeb/CenceBoletinIntraDiario.jsf?init=true
Hídrico,El General,39.91,2026-02-01,23:18:03,2026-02-01T23:18:03-06:00,https://apps.grupoice.com/CenceWeb/CenceBoletinIntraDiario.jsf?init=true
Hídrico,Garita,19.45,2026-02-01,23:18:03,2026-02-01T23:18:03-06:00,https://apps.grupoice.com/CenceWeb/CenceBoletinIntraDiario.jsf?init=true
Hídrico,La Joya,0.0,2026-02-01,23:18:03,2026-02-01T23:18:03-06:00,https://apps.grupoice.com/CenceWeb/CenceBoletinIntraDiario.jsf?init=true
Hídrico,Peñas Blancas,18.63,2026-02-01,23:18:03,2026-02-01T23:18:03-06:00,https://apps.grupoice.com/CenceWeb/CenceBoletinIntraDiario.jsf?init=true
Hídrico,Pirrís,0.0,2026-02-01,23:18:03,2026-02-01T23:18:03-06:00,https://apps.grupoice.com/CenceWeb/CenceBoletinIntraDiario.jsf?init=true
Hídrico,Privada Hidro,40.52,2026-02-01,23:18:03,2026-02-01T23:18:03-06:00,https://apps.grupoice.com/CenceWeb/CenceBoletinIntraDiario.jsf?init=true
Hídrico,Reventazón,52.53,2026-02-01,23:18:03,2026-02-01T23:18:03-06:00,https://apps.grupoice.com/CenceWeb/CenceBoletinIntraDiario.jsf?init=true
Hídrico,Río Macho,64.29,2026-02-01,23:18:03,2026-02-01T23:18:03-06:00,https://apps.grupoice.com/CenceWeb/CenceBoletinIntraDiario.jsf?init=true
Hídrico,Sandillal,13.77,2026-02-01,23:18:03,2026-02-01T23:18:03-06:00,https://apps.grupoice.com/CenceWeb/CenceBoletinIntraDiario.jsf?init=true
Hídrico,Toro I,26.38,2026-02-01,23:18:03,2026-02-01T23:18:03-06:00,https://apps.grupoice.com/CenceWeb/CenceBoletinIntraDiario.jsf?init=true
Hídrico,Toro II,40.32,2026-02-01,23:18:03,2026-02-01T23:18:03-06:00,https://apps.grupoice.com/CenceWeb/CenceBoletinIntraDiario.jsf?init=true
Hídrico,Toro III,33.59,2026-02-01,23:18:03,2026-02-01T23:18:03-06:00,https://apps.grupoice.com/CenceWeb/CenceBoletinIntraDiario.jsf?init=true
Hídrico,Ventanas-Garita,48.37,2026-02-01,23:18:03,2026-02-01T23:18:03-06:00,https://apps.grupoice.com/CenceWeb/CenceBoletinIntraDiario.jsf?init=true
Intercambio,Intercambio Norte,0.0,2026-02-01,23:18:03,2026-02-01T23:18:03-06:00,https://apps.grupoice.com/CenceWeb/CenceBoletinIntraDiario.jsf?init=true
Intercambio,Intercambio Sur,108.9,2026-02-01,23:18:03,2026-02-01T23:18:03-06:00,https://apps.grupoice.com/CenceWeb/CenceBoletinIntraDiario.jsf?init=true
Solar,Otras Solar,0.0,2026-02-01,23:18:03,2026-02-01T23:18:03-06:00,https://apps.grupoice.com/CenceWeb/CenceBoletinIntraDiario.jsf?init=true
Solar,Parque Solar Miravalles,0.0,2026-02-01,23:18:03,2026-02-01T23:18:03-06:00,https://apps.grupoice.com/CenceWeb/CenceBoletinIntraDiario.jsf?init=true
Térmico,Boca de Pozo,4.44,2026-02-01,23:18:03,2026-02-01T23:18:03-06:00,https://apps.grupoice.com/CenceWeb/CenceBoletinIntraDiario.jsf?init=true
Térmico,Garabito,0.0,2026-02-01,23:18:03,2026-02-01T23:18:03-06:00,https://apps.grupoice.com/CenceWeb/CenceBoletinIntraDiario.jsf?init=true
Térmico,Guápiles,0.0,2026-02-01,23:18:03,2026-02-01T23:18:03-06:00,https://apps.grupoice.com/CenceWeb/CenceBoletinIntraDiario.jsf?init=true
Térmico,Las Pailas II,52.33,2026-02-01,23:18:03,2026-02-01T23:18:03-06:00,https://apps.grupoice.com/CenceWeb/CenceBoletinIntraDiario.jsf?init=true
Térmico,Miravalles I,39.35,2026-02-01,23:18:03,2026-02-01T23:18:03-06:00,https://apps.grupoice.com/CenceWeb/CenceBoletinIntraDiario.jsf?init=true
Térmico,Miravalles II,40.55,2026-02-01,23:18:03,2026-02-01T23:18:03-06:00,https://apps.grupoice.com/CenceWeb/CenceBoletinIntraDiario.jsf?init=true
Térmico,Miravalles III,13.03,2026-02-01,23:18:03,2026-02-01T23:18:03-06:00,https://apps.grupoice.com/CenceWeb/CenceBoletinIntraDiario.jsf?init=true
Térmico,Moín II,0.0,2026-02-01,23:18:03,2026-02-01T23:18:03-06:00,https://apps.grupoice.com/CenceWeb/CenceBoletinIntraDiario.jsf?init=true
Térmico,Moín III,0.0,2026-02-01,23:18:03,2026-02-01T23:18:03-06:00,https://apps.grupoice.com/CenceWeb/CenceBoletinIntraDiario.jsf?init=true
Térmico,Orotina,0.0,2026-02-01,23:18:03,2026-02-01T23:18:03-06:00,https://apps.grupoice.com/CenceWeb/CenceBoletinIntraDiario.jsf?init=true
Térmico,PTA Garabito,0.0,2026-02-01,23:18:03,2026-02-01T23:18:03-06:00,https://apps.grupoice.com/CenceWeb/CenceBoletinIntraDiario.jsf?init=true
Térmico,PTA Moín,0.0,2026-02-01,23:18:03,2026-02-01T23:18:03-06:00,https://apps.grupoice.com/CenceWeb/CenceBoletinIntraDiario.jsf?init=true
Térmico,Pailas,30.03,2026-02-01,23:18:03,2026-02-01T23:18:03-06:00,https://apps.grupoice.com/CenceWeb/CenceBoletinIntraDiario.jsf?init=true
Biomasa,Privada Térmico Bagazo,13.82,2026-02-02,02:01:47,2026-02-02T02:01:47-06:00,https://apps.grupoice.com/CenceWeb/CenceBoletinIntraDiario.jsf?init=true
Eólico,BOT Eólico,116.76,2026-02-02,02:01:47,2026-02-02T02:01:47-06:00,https://apps.grupoice.com/CenceWeb/CenceBoletinIntraDiario.jsf?init=true
Eólico,Distribuidoras,66.89,2026-02-02,02:01:47,2026-02-02T02:01:47-06:00,https://apps.grupoice.com/CenceWeb/CenceBoletinIntraDiario.jsf?init=true
Eólico,Privada Eólico,30.37,2026-02-02,02:01:47,2026-02-02T02:01:47-06:00,https://apps.grupoice.com/CenceWeb/CenceBoletinIntraDiario.jsf?init=true
Eólico,Tejona,0.66,2026-02-02,02:01:47,2026-02-02T02:01:47-06:00,https://apps.grupoice.com/CenceWeb/CenceBoletinIntraDiario.jsf?init=true
Hídrico,Angostura,39.35,2026-02-02,02:01:47,2026-02-02T02:01:47-06:00,https://apps.grupoice.com/CenceWeb/CenceBoletinIntraDiario.jsf?init=true
Hídrico,Arenal,35.44,2026-02-02,02:01:47,2026-02-02T02:01:47-06:00,https://apps.grupoice.com/CenceWeb/CenceBoletinIntraDiario.jsf?init=true
Hídrico,BOT Hidro,13.09,2026-02-02,02:01:47,2026-02-02T02:01:47-06:00,https://apps.grupoice.com/CenceWeb/CenceBoletinIntraDiario.jsf?init=true
Hídrico,Cachí,0.0,2026-02-02,02:01:47,2026-02-02T02:01:47-06:00,https://apps.grupoice.com/CenceWeb/CenceBoletinIntraDiario.jsf?init=true
Hídrico,Cariblanco,41.27,2026-02-02,02:01:47,2026-02-02T02:01:47-06:00,https://apps.grupoice.com/CenceWeb/CenceBoletinIntraDiario.jsf?init=true
Hídrico,Dengo,41.03,2026-02-02,02:01:47,2026-02-02T02:01:47-06:00,https://apps.grupoice.com/CenceWeb/CenceBoletinIntraDiario.jsf?init=true
Hídrico,Distribuidoras,119.91,2026-02-02,02:01:47,2026-02-02T02:01:47-06:00,https://apps.grupoice.com/CenceWeb/CenceBoletinIntraDiario.jsf?init=true
Hídrico,Echandi,2.0,2026-02-02,02:01:47,2026-02-02T02:01:47-06:00,https://apps.grupoice.com/CenceWeb/CenceBoletinIntraDiario.jsf?init=true
Hídrico,El General,30.16,2026-02-02,02:01:47,2026-02-02T02:01:47-06:00,https://apps.grupoice.com/CenceWeb/CenceBoletinIntraDiario.jsf?init=true
Hídrico,Garita,19.72,2026-02-02,02:01:47,2026-02-02T02:01:47-06:00,https://apps.grupoice.com/CenceWeb/CenceBoletinIntraDiario.jsf?init=true
Hídrico,La Joya,0.0,2026-02-02,02:01:47,2026-02-02T02:01:47-06:00,https://apps.grupoice.com/CenceWeb/CenceBoletinIntraDiario.jsf?init=true
Hídrico,Peñas Blancas,12.02,2026-02-02,02:01:47,2026-02-02T02:01:47-06:00,https://apps.grupoice.com/CenceWeb/CenceBoletinIntraDiario.jsf?init=true
Hídrico,Pirrís,0.0,2026-02-02,02:01:47,2026-02-02T02:01:47-06:00,https://apps.grupoice.com/CenceWeb/CenceBoletinIntraDiario.jsf?init=true
Hídrico,Privada Hidro,40.64,2026-02-02,02:01:47,2026-02-02T02:01:47-06:00,https://apps.grupoice.com/CenceWeb/CenceBoletinIntraDiario.jsf?init=true
Hídrico,Reventazón,52.06,2026-02-02,02:01:47,2026-02-02T02:01:47-06:00,https://apps.grupoice.com/CenceWeb/CenceBoletinIntraDiario.jsf?init=true
Hídrico,Río Macho,69.88,2026-02-02,02:01:47,2026-02-02T02:01:47-06:00,https://apps.grupoice.com/CenceWeb/CenceBoletinIntraDiario.jsf?init=true
Hídrico,Sandillal,13.5,2026-02-02,02:01:47,2026-02-02T02:01:47-06:00,https://apps.grupoice.com/CenceWeb/CenceBoletinIntraDiario.jsf?init=true
Hídrico,Toro I,20.22,2026-02-02,02:01:47,2026-02-02T02:01:47-06:00,https://apps.grupoice.com/CenceWeb/CenceBoletinIntraDiario.jsf?init=true
Hídrico,Toro II,34.14,2026-02-02,02:01:47,2026-02-02T02:01:47-06:00,https://apps.grupoice.com/CenceWeb/CenceBoletinIntraDiario.jsf?init=true
Hídrico,Toro III,28.38,2026-02-02,02:01:47,2026-02-02T02:01:47-06:00,https://apps.grupoice.com/CenceWeb/CenceBoletinIntraDiario.jsf?init=true
Hídrico,Ventanas-Garita,0.0,2026-02-02,02:01:47,2026-02-02T02:01:47-06:00,https://apps.grupoice.com/CenceWeb/CenceBoletinIntraDiario.jsf?init=true
Intercambio,Intercambio Norte,0.0,2026-02-02,02:01:47,2026-02-02T02:01:47-06:00,https://apps.grupoice.com/CenceWeb/CenceBoletinIntraDiario.jsf?init=true
Intercambio,Intercambio Sur,87.92,2026-02-02,02:01:47,2026-02-02T02:01:47-06:00,https://apps.grupoice.com/CenceWeb/CenceBoletinIntraDiario.jsf?init=true
Solar,Otras Solar,0.0,2026-02-02,02:01:47,2026-02-02T02:01:47-06:00,https://apps.grupoice.com/CenceWeb/CenceBoletinIntraDiario.jsf?init=true
Solar,Parque Solar Miravalles,0.0,2026-02-02,02:01:47,2026-02-02T02:01:47-06:00,https://apps.grupoice.com/CenceWeb/CenceBoletinIntraDiario.jsf?init=true
Térmico,Boca de Pozo,4.45,2026-02-02,02:01:47,2026-02-02T02:01:47-06:00,https://apps.grupoice.com/CenceWeb/CenceBoletinIntraDiario.jsf?init=true
Térmico,Garabito,0.0,2026-02-02,02:01:47,2026-02-02T02:01:47-06:00,https://apps.grupoice.com/CenceWeb/CenceBoletinIntraDiario.jsf?init=true
Térmico,Guápiles,0.0,2026-02-02,02:01:47,2026-02-02T02:01:47-06:00,https://apps.grupoice.com/CenceWeb/CenceBoletinIntraDiario.jsf?init=true
Térmico,Las Pailas II,52.0,2026-02-02,02:01:47,2026-02-02T02:01:47-06:00,https://apps.grupoice.com/CenceWeb/CenceBoletinIntraDiario.jsf?init=true
Térmico,Miravalles I,39.37,2026-02-02,02:01:47,2026-02-02T02:01:47-06:00,https://apps.grupoice.com/CenceWeb/CenceBoletinIntraDiario.jsf?init=true
Térmico,Miravalles II,40.58,2026-02-02,02:01:47,2026-02-02T02:01:47-06:00,https://apps.grupoice.com/CenceWeb/CenceBoletinIntraDiario.jsf?init=true
Térmico,Miravalles III,12.95,2026-02-02,02:01:47,2026-02-02T02:01:47-06:00,https://apps.grupoice.com/CenceWeb/CenceBoletinIntraDiario.jsf?init=true
Térmico,Miravalles V,0.0,2026-02-02,02:01:47,2026-02-02T02:01:47-06:00,https://apps.grupoice.com/CenceWeb/CenceBoletinIntraDiario.jsf?init=true
Térmico,Moín II,0.0,2026-02-02,02:01:47,2026-02-02T02:01:47-06:00,https://apps.grupoice.com/CenceWeb/CenceBoletinIntraDiario.jsf?init=true
Térmico,Moín III,0.0,2026-02-02,02:01:47,2026-02-02T02:01:47-06:00,https://apps.grupoice.com/CenceWeb/CenceBoletinIntraDiario.jsf?init=true
Térmico,Orotina,0.0,2026-02-02,02:01:47,2026-02-02T02:01:47-06:00,https://apps.grupoice.com/CenceWeb/CenceBoletinIntraDiario.jsf?init=true
Térmico,PTA Garabito,0.0,2026-02-02,02:01:47,2026-02-02T02:01:47-06:00,https://apps.grupoice.com/CenceWeb/CenceBoletinIntraDiario.jsf?init=true
Térmico,PTA Moín,0.0,2026-02-02,02:01:47,2026-02-02T02:01:47-06:00,https://apps.grupoice.com/CenceWeb/CenceBoletinIntraDiario.jsf?init=true
Térmico,Pailas,30.14,2026-02-02,02:01:47,2026-02-02T02:01:47-06:00,https://apps.grupoice.com/CenceWeb/CenceBoletinIntraDiario.jsf?init=true
